epoch,E1_miou,E1_oa,E2_miou,E2_oa,E3_miou,E3_oa,E4_miou,E4_oa,E5_miou,E5_oa,E6_miou,E6_oa,E7_miou,E7_oa,E8_miou,E8_oa
1,0.1652,0.4952,0.1695,0.4972,0.1722,0.4983,0.1698,0.4974,0.1651,0.4952,0.1698,0.4974,0.1698,0.4974,0.1651,0.4952
2,0.1651,0.4952,0.1651,0.4952,0.2169,0.5374,0.1651,0.4952,0.1651,0.4952,0.1651,0.4952,0.1651,0.4952,0.1651,0.4952
3,0.2281,0.5465,0.1651,0.4952,0.3724,0.6612,0.1671,0.4967,0.3461,0.6332,0.1651,0.4952,0.1671,0.4967,0.3542,0.6382
4,0.5656,0.8091,0.1057,0.3166,0.1058,0.3168,0.1057,0.3166,0.2294,0.4522,0.1057,0.3166,0.1057,0.3166,0.2298,0.451
5,0.5657,0.809,0.1052,0.3154,0.1058,0.3168,0.1052,0.3154,0.1057,0.3166,0.1052,0.3154,0.1052,0.3154,0.3057,0.5166
6,0.5661,0.8104,0.1058,0.3167,0.1053,0.3155,0.1058,0.3167,0.1058,0.3168,0.1058,0.3167,0.1058,0.3167,0.3058,0.5168
7,0.5553,0.7996,0.1053,0.3155,0.1058,0.3168,0.1053,0.3155,0.1057,0.3166,0.148,0.363,0.1053,0.3155,0.3058,0.5168
8,0.5636,0.8068,0.1053,0.3155,0.1057,0.3166,0.1053,0.3155,0.1058,0.3168,0.2597,0.5105,0.1053,0.3155,0.3058,0.5168
9,0.5617,0.8054,0.1057,0.3166,0.2187,0.4545,0.1057,0.3166,0.1057,0.3166,0.1057,0.3166,0.1057,0.3166,0.2057,0.4166
10,0.5579,0.8103,0.2906,0.5968,0.1057,0.3166,0.5131,0.769,0.1057,0.3166,0.4762,0.7409,0.5131,0.769,0.4737,0.6869
11,0.5551,0.8047,0.1058,0.3168,0.1654,0.3905,0.1058,0.3168,0.1652,0.3901,0.5508,0.7938,0.1058,0.3168,0.4688,0.7089
12,0.5382,0.8046,0.1659,0.391,0.4403,0.714,0.5372,0.7871,0.1057,0.3166,0.3802,0.6672,0.5372,0.7871,0.2285,0.4565
13,0.5606,0.811,0.1057,0.3166,0.3748,0.6505,0.1057,0.3166,0.1057,0.3166,0.1057,0.3166,0.1057,0.3166,0.4057,0.6166
14,0.5942,0.8227,0.1057,0.3166,0.4173,0.6934,0.1057,0.3166,0.1926,0.3865,0.1057,0.3166,0.1057,0.3166,0.4054,0.6157
15,0.6243,0.8357,0.1057,0.3166,0.1875,0.5084,0.1057,0.3166,0.1941,0.3995,0.2902,0.5497,0.1057,0.3166,0.4058,0.6168
16,0.6558,0.8512,0.1515,0.3692,0.153,0.3715,0.1516,0.3712,0.5039,0.7255,0.5449,0.792,0.1516,0.3712,0.4058,0.6168
17,0.7024,0.8667,0.1057,0.3166,0.186,0.4026,0.2894,0.5493,0.1529,0.3693,0.4796,0.7403,0.2894,0.5493,0.4621,0.6629
18,0.862,0.9315,0.1053,0.3155,0.193,0.4066,0.5907,0.8193,0.5871,0.8105,0.6699,0.8588,0.5907,0.8193,0.6739,0.8449
19,0.9105,0.9641,0.1744,0.3964,0.53,0.7025,0.6099,0.8296,0.6328,0.814,0.1704,0.3948,0.6099,0.8296,0.7299,0.8696
20,0.7926,0.8916,0.204,0.3992,0.1054,0.3156,0.7636,0.8933,0.8443,0.9251,0.809,0.9184,0.7636,0.8933,0.9331,0.9688
21,0.7654,0.8492,0.3574,0.5342,0.1696,0.3644,0.9074,0.9606,0.8267,0.9244,0.6929,0.8226,0.9074,0.9606,0.908,0.962
22,0.5203,0.7301,0.5436,0.7247,0.1054,0.3155,0.7839,0.9068,0.8796,0.9471,0.5113,0.7048,0.7839,0.9068,0.6194,0.7776
23,0.8695,0.9477,0.7998,0.8979,0.1054,0.3159,0.6778,0.8466,0.9116,0.9553,0.8323,0.9241,0.6778,0.8466,0.8805,0.9459
24,0.9263,0.9699,0.7707,0.868,0.1055,0.3163,0.7162,0.8657,0.9169,0.9641,0.7203,0.8595,0.7162,0.8657,0.9169,0.9633
25,0.9465,0.9767,0.6447,0.8405,0.1057,0.3165,0.8242,0.9252,0.9328,0.9729,0.1939,0.4073,0.8242,0.9252,0.8961,0.9558
26,0.9355,0.9739,0.6849,0.86,0.1054,0.3156,0.7456,0.8918,0.7241,0.8707,0.1831,0.4016,0.7456,0.8918,0.7808,0.876
27,0.9134,0.9645,0.7237,0.8769,0.1915,0.3898,0.7688,0.9012,0.8488,0.9251,0.3568,0.5348,0.7688,0.9012,0.7126,0.8516
28,0.7731,0.896,0.8172,0.9177,0.2042,0.3962,0.9167,0.9648,0.8078,0.9027,0.1994,0.3985,0.9167,0.9648,0.7122,0.8376
29,0.8984,0.9571,0.9293,0.9697,0.6557,0.7997,0.9416,0.9752,0.9347,0.9718,0.884,0.9461,0.9416,0.9752,0.933,0.9709
30,0.8189,0.9104,0.8986,0.9542,0.9156,0.9615,0.9189,0.9675,0.9528,0.9815,0.4207,0.5071,0.9189,0.9675,0.9563,0.9824
31,0.7739,0.8942,0.868,0.9423,0.9193,0.9609,0.1058,0.3167,0.959,0.9838,0.523,0.6515,0.1058,0.3167,0.9572,0.9828
32,0.8523,0.9324,0.9067,0.9584,0.9494,0.9795,0.1501,0.3427,0.6246,0.8024,0.4061,0.4904,0.1501,0.3427,0.6703,0.833
33,0.9318,0.9704,0.9184,0.9648,0.9447,0.9771,0.1059,0.3168,0.8764,0.9452,0.918,0.9647,0.1059,0.3168,0.9569,0.9822
34,0.5963,0.7835,0.2133,0.4171,0.9395,0.9747,0.1059,0.3168,0.9495,0.9802,0.6852,0.8067,0.1059,0.3168,0.9677,0.987
35,0.9088,0.9625,0.2128,0.4048,0.6483,0.7839,0.2134,0.4063,0.9427,0.9767,0.6055,0.7632,0.2134,0.4063,0.9525,0.9799
36,0.914,0.9641,0.7174,0.8345,0.7269,0.8393,0.4745,0.6271,0.9446,0.9778,0.9446,0.9774,0.4745,0.6271,0.9599,0.9833
37,0.9376,0.9738,0.6448,0.7913,0.869,0.9448,0.6459,0.7925,0.9461,0.9783,0.952,0.9805,0.6459,0.7925,0.9598,0.9835
38,0.828,0.9227,0.9442,0.9779,0.4509,0.6257,0.9486,0.9794,0.9423,0.976,0.9577,0.9832,0.9486,0.9794,0.9195,0.9635
39,0.8325,0.9289,0.8018,0.9122,0.6341,0.7771,0.9384,0.9749,0.9517,0.9805,0.8668,0.9441,0.9384,0.9749,0.9105,0.9592
40,0.9381,0.9748,0.7191,0.865,0.2268,0.3727,0.8273,0.9247,0.9642,0.9862,0.7149,0.8612,0.8273,0.9247,0.9642,0.9849
41,0.9408,0.9761,0.9375,0.9743,0.411,0.4965,0.9567,0.9827,0.9694,0.9882,0.9341,0.9736,0.9567,0.9827,0.964,0.985
42,0.9491,0.9795,0.9346,0.9731,0.4068,0.4938,0.954,0.9817,0.9632,0.9859,0.9386,0.9754,0.954,0.9817,0.9596,0.9828
43,0.9344,0.9737,0.9015,0.9589,0.5714,0.6948,0.9606,0.9843,0.9644,0.9866,0.9313,0.9728,0.9606,0.9843,0.9474,0.9785
44,0.8534,0.9377,0.8827,0.9502,0.8862,0.9475,0.9487,0.9794,0.9571,0.9836,0.9537,0.9818,0.9487,0.9794,0.9601,0.9836
45,0.8753,0.9478,0.9378,0.9744,0.8229,0.9089,0.9585,0.9833,0.952,0.982,0.961,0.9845,0.9585,0.9833,0.9697,0.9877
46,0.4893,0.5909,0.9314,0.9714,0.7362,0.8503,0.945,0.9779,0.9475,0.9795,0.9483,0.9789,0.945,0.9779,0.9698,0.987
47,0.8119,0.9042,0.9344,0.9728,0.814,0.9023,0.9516,0.9807,0.9645,0.9857,0.9575,0.9828,0.9516,0.9807,0.9732,0.9884
48,0.8329,0.9259,0.9407,0.9762,0.9237,0.9671,0.9554,0.9827,0.9646,0.9864,0.9583,0.9835,0.9554,0.9827,0.9754,0.99
49,0.9498,0.98,0.9422,0.9771,0.913,0.9618,0.9641,0.9864,0.9608,0.9853,0.9675,0.9872,0.9641,0.9864,0.9763,0.9907
50,0.9631,0.9854,0.9421,0.9762,0.9291,0.97,0.951,0.9813,0.97,0.9887,0.9592,0.9839,0.951,0.9813,0.9749,0.9901
51,0.9608,0.9843,0.9428,0.9771,0.8379,0.9171,0.9549,0.9827,0.968,0.988,0.9536,0.9817,0.9549,0.9827,0.969,0.9881
52,0.9562,0.9824,0.9363,0.9743,0.9461,0.9773,0.8842,0.953,0.9695,0.9886,0.9657,0.9867,0.8842,0.953,0.9667,0.9874
53,0.9349,0.9742,0.9443,0.9775,0.9652,0.9857,0.935,0.9747,0.9753,0.9908,0.9663,0.9869,0.935,0.9747,0.9662,0.9873
54,0.9034,0.961,0.9518,0.9806,0.9764,0.9907,0.9635,0.9859,0.8832,0.9504,0.9714,0.9889,0.9635,0.9859,0.9715,0.9892
55,0.9406,0.9763,0.64,0.7536,0.9725,0.9891,0.9399,0.9752,0.7842,0.9158,0.9299,0.9696,0.9399,0.9752,0.9702,0.9886
56,0.9517,0.9796,0.7191,0.8289,0.9704,0.9885,0.9549,0.9814,0.7251,0.8914,0.9444,0.9768,0.9549,0.9814,0.9646,0.9865
57,0.9614,0.9826,0.9253,0.968,0.9699,0.9878,0.9498,0.9797,0.7327,0.8948,0.9519,0.9808,0.9498,0.9797,0.971,0.9887
58,0.9613,0.9828,0.9473,0.9787,0.975,0.9903,0.9287,0.9715,0.8867,0.9568,0.9552,0.9822,0.9287,0.9715,0.9721,0.9881
59,0.9576,0.9817,0.9541,0.9819,0.975,0.9902,0.9467,0.9787,0.9251,0.9718,0.9427,0.9764,0.9467,0.9787,0.9745,0.9891
60,0.9589,0.9827,0.9414,0.9763,0.9754,0.9904,0.9421,0.9758,0.9267,0.9721,0.8207,0.9065,0.9421,0.9758,0.9721,0.9882
61,0.9574,0.9825,0.6934,0.8109,0.9713,0.9889,0.9358,0.973,0.9258,0.9715,0.8535,0.9279,0.9358,0.973,0.9741,0.9892
62,0.9583,0.9829,0.6975,0.8129,0.9747,0.9904,0.9472,0.9784,0.9578,0.9839,0.9198,0.9652,0.9472,0.9784,0.9716,0.9878
63,0.9657,0.9862,0.6947,0.8113,0.972,0.9891,0.9459,0.978,0.9706,0.9886,0.9311,0.9711,0.9459,0.978,0.9723,0.9878
64,0.9719,0.989,0.9518,0.9811,0.9719,0.989,0.9475,0.9786,0.9194,0.9682,0.9394,0.9748,0.9475,0.9786,0.9716,0.9878
65,0.9605,0.9841,0.9528,0.9815,0.9765,0.9909,0.9513,0.9803,0.9613,0.9852,0.9451,0.9771,0.9513,0.9803,0.973,0.9886
66,0.9463,0.9777,0.9517,0.9812,0.9787,0.9919,0.9551,0.9821,0.7504,0.9024,0.9411,0.9749,0.9551,0.9821,0.975,0.9897
67,0.9556,0.9821,0.957,0.9834,0.9779,0.9916,0.9624,0.9852,0.7272,0.8927,0.9425,0.9754,0.9624,0.9852,0.9743,0.9897
68,0.968,0.9877,0.9271,0.9714,0.9773,0.9914,0.9641,0.9861,0.9178,0.9693,0.9528,0.9801,0.9641,0.9861,0.9754,0.9903
69,0.9646,0.9863,0.9228,0.9696,0.9743,0.9902,0.9613,0.9849,0.9712,0.9892,0.9564,0.9819,0.9613,0.9849,0.9787,0.9915
70,0.9537,0.9819,0.9419,0.9772,0.9744,0.9902,0.9645,0.9861,0.9755,0.9907,0.9648,0.9854,0.9645,0.9861,0.9769,0.9909
71,0.9575,0.9833,0.9458,0.9787,0.9689,0.9878,0.9622,0.9851,0.9676,0.9878,0.9643,0.9852,0.9622,0.9851,0.9698,0.9882
72,0.964,0.9859,0.9449,0.9783,0.9719,0.9891,0.9559,0.9827,0.9647,0.9866,0.963,0.9843,0.9559,0.9827,0.9685,0.9878
73,0.9686,0.9873,0.9577,0.9836,0.9696,0.9882,0.9663,0.9869,0.9619,0.9855,0.9697,0.9872,0.9663,0.9869,0.968,0.9875
74,0.9694,0.9872,0.9578,0.9836,0.975,0.9904,0.9649,0.9863,0.9666,0.9874,0.9661,0.986,0.9649,0.9863,0.9715,0.9891
75,0.9688,0.9868,0.9546,0.9824,0.9756,0.9906,0.9639,0.986,0.9687,0.9882,0.9634,0.9851,0.9639,0.986,0.9756,0.9908
76,0.9703,0.9875,0.95,0.9806,0.976,0.9908,0.9591,0.9841,0.9716,0.9893,0.9654,0.9859,0.9591,0.9841,0.9804,0.9926
77,0.9753,0.9901,0.9599,0.9846,0.9723,0.9893,0.9684,0.9878,0.9633,0.9861,0.9698,0.9878,0.9684,0.9878,0.9786,0.9919
78,0.9762,0.9906,0.9622,0.9856,0.9722,0.9894,0.9703,0.9886,0.9626,0.9858,0.9749,0.9899,0.9703,0.9886,0.9792,0.9922
79,0.9751,0.9902,0.9631,0.9859,0.972,0.9894,0.9703,0.9885,0.9643,0.9864,0.973,0.9893,0.9703,0.9885,0.98,0.9923
80,0.9728,0.9893,0.963,0.9859,0.9746,0.9904,0.9697,0.9883,0.9643,0.9864,0.9716,0.9888,0.9697,0.9883,0.9784,0.9918
81,0.9703,0.9882,0.9682,0.9879,0.9763,0.9911,0.9727,0.9895,0.9654,0.9869,0.9764,0.9906,0.9727,0.9895,0.9788,0.9919
82,0.9709,0.9884,0.9654,0.9868,0.9804,0.9927,0.9678,0.9875,0.9624,0.9856,0.9738,0.9896,0.9678,0.9875,0.9782,0.9916
83,0.9726,0.9891,0.9651,0.9867,0.9773,0.9914,0.9691,0.988,0.9701,0.9887,0.9693,0.988,0.9691,0.988,0.9827,0.9935
84,0.9733,0.9894,0.9682,0.9879,0.978,0.9917,0.971,0.9888,0.9674,0.9876,0.9736,0.9897,0.971,0.9888,0.981,0.9928
85,0.9739,0.9896,0.9605,0.9849,0.977,0.9913,0.9626,0.9854,0.9692,0.9883,0.966,0.9865,0.9626,0.9854,0.9811,0.9928
86,0.9728,0.9891,0.9641,0.9863,0.9795,0.9923,0.9683,0.9877,0.9659,0.9869,0.9659,0.9868,0.9683,0.9877,0.9794,0.9921
87,0.9703,0.9881,0.9637,0.9861,0.9782,0.9918,0.9662,0.9869,0.9736,0.99,0.9677,0.9873,0.9662,0.9869,0.9831,0.9936
88,0.9711,0.9883,0.9658,0.987,0.9764,0.9911,0.9696,0.9882,0.9728,0.9897,0.9675,0.9875,0.9696,0.9882,0.9831,0.9936
89,0.9706,0.9882,0.9693,0.9884,0.9773,0.9914,0.9725,0.9895,0.9724,0.9895,0.9736,0.9898,0.9725,0.9895,0.9797,0.9924
90,0.9702,0.988,0.9625,0.9857,0.9785,0.9919,0.965,0.9864,0.9712,0.9891,0.9677,0.9874,0.965,0.9864,0.9804,0.9926
91,0.9687,0.9873,0.9677,0.9878,0.9784,0.9918,0.9713,0.9889,0.9698,0.9885,0.9704,0.9887,0.9713,0.9889,0.9799,0.9924
92,0.9674,0.9867,0.9697,0.9885,0.9784,0.9918,0.973,0.9896,0.9728,0.9897,0.9727,0.9895,0.973,0.9896,0.9832,0.9937
93,0.966,0.9862,0.9686,0.9881,0.9729,0.9896,0.9723,0.9894,0.9734,0.99,0.9715,0.9892,0.9723,0.9894,0.9832,0.9937
94,0.9673,0.9867,0.9694,0.9884,0.9763,0.991,0.9723,0.9894,0.9733,0.9899,0.9738,0.9899,0.9723,0.9894,0.9833,0.9937
95,0.9664,0.9863,0.9713,0.9891,0.9801,0.9926,0.9739,0.99,0.966,0.987,0.974,0.99,0.9739,0.99,0.9799,0.9924
96,0.9657,0.9861,0.9718,0.9894,0.9798,0.9924,0.9745,0.9903,0.9698,0.9886,0.9757,0.9907,0.9745,0.9903,0.98,0.9925
97,0.9661,0.9862,0.9709,0.989,0.9768,0.9912,0.9739,0.99,0.9669,0.9874,0.9738,0.99,0.9739,0.99,0.98,0.9924
98,0.9656,0.986,0.9689,0.9883,0.9773,0.9914,0.9726,0.9895,0.9687,0.9882,0.9725,0.9896,0.9726,0.9895,0.9798,0.9924
99,0.9648,0.9857,0.9665,0.9872,0.9761,0.9909,0.9677,0.9876,0.9665,0.9873,0.9722,0.9892,0.9677,0.9876,0.9799,0.9924
100,0.9668,0.9865,0.9715,0.9893,0.9724,0.9894,0.974,0.9901,0.9719,0.9894,0.9739,0.99,0.974,0.9901,0.9815,0.9931
